{
    "total_runtime": 503.9010007381439,
    "num_documents": 8,
    "input_load_time": 0,
    "workflows": {
        "create_base_text_units": {
            "overall": 0.9999837875366211,
            "0_orderby": 0.004103422164916992,
            "1_zip": 0.005448102951049805,
            "2_aggregate_override": 0.007879495620727539,
            "3_chunk": 0.8997220993041992,
            "4_select": 0.0077817440032958984,
            "5_unroll": 0.009451627731323242,
            "6_rename": 0.00745844841003418,
            "7_genid": 0.013760566711425781,
            "8_unzip": 0.007585048675537109,
            "9_copy": 0.008023738861083984,
            "10_filter": 0.025211811065673828
        },
        "create_base_extracted_entities": {
            "overall": 177.58458638191223,
            "0_entity_extract": 177.00125432014465,
            "1_snapshot": 0.041458845138549805,
            "2_merge_graphs": 0.53220534324646
        },
        "create_final_covariates": {
            "overall": 93.7988076210022,
            "0_extract_covariates": 93.69824838638306,
            "1_window": 0.01677536964416504,
            "2_genid": 0.012385845184326172,
            "3_convert": 0.02531290054321289,
            "4_rename": 0.013896703720092773,
            "5_select": 0.020966053009033203
        },
        "create_summarized_entities": {
            "overall": 29.038134574890137,
            "0_summarize_descriptions": 29.023611068725586
        },
        "create_base_entity_graph": {
            "overall": 1.8459620475769043,
            "0_cluster_graph": 1.8163785934448242,
            "1_select": 0.015424966812133789
        },
        "create_final_entities": {
            "overall": 8.412203788757324,
            "0_unpack_graph": 0.9858155250549316,
            "1_rename": 0.019882678985595703,
            "2_select": 0.023993253707885742,
            "3_dedupe": 0.029284954071044922,
            "4_rename": 0.021168947219848633,
            "5_filter": 0.07968592643737793,
            "6_text_split": 0.06397342681884766,
            "7_drop": 0.02016139030456543,
            "8_merge": 0.694786548614502,
            "9_text_embed": 6.3611743450164795,
            "10_drop": 0.02123856544494629,
            "11_filter": 0.06845903396606445
        },
        "create_final_nodes": {
            "overall": 5.444597959518433,
            "0_layout_graph": 2.920184850692749,
            "1_unpack_graph": 0.9255297183990479,
            "2_unpack_graph": 1.1255555152893066,
            "3_drop": 0.023761987686157227,
            "4_filter": 0.16480565071105957,
            "5_select": 0.029372692108154297,
            "6_snapshot": 0.03856992721557617,
            "7_rename": 0.030300140380859375,
            "8_join": 0.05068016052246094,
            "9_convert": 0.08223819732666016,
            "10_rename": 0.0277097225189209
        },
        "create_final_communities": {
            "overall": 1.7954800128936768,
            "0_create_final_communities": 1.7710378170013428
        },
        "create_final_relationships": {
            "overall": 0.9422862529754639,
            "0_create_final_relationships_pre_embedding": 0.8742883205413818,
            "1_create_final_relationships_post_embedding": 0.041390180587768555
        },
        "create_final_text_units": {
            "overall": 0.14011049270629883,
            "0_create_final_text_units_pre_embedding": 0.0847625732421875,
            "1_select": 0.028711795806884766
        },
        "create_final_community_reports": {
            "overall": 178.77856588363647,
            "0_prepare_community_reports_nodes": 0.09445476531982422,
            "1_prepare_community_reports_edges": 0.06299614906311035,
            "2_prepare_community_reports_claims": 0.048717498779296875,
            "3_restore_community_hierarchy": 0.07834506034851074,
            "4_prepare_community_reports": 2.0459938049316406,
            "5_create_community_reports": 176.37945818901062,
            "6_window": 0.0406186580657959
        },
        "create_base_documents": {
            "overall": 0.43402934074401855,
            "0_unroll": 0.03196096420288086,
            "1_select": 0.03631401062011719,
            "2_rename": 0.03305196762084961,
            "3_join": 0.04080939292907715,
            "4_aggregate_override": 0.03497672080993652,
            "5_join": 0.050666093826293945,
            "6_rename": 0.034436941146850586,
            "7_convert": 0.14078450202941895
        },
        "create_final_documents": {
            "overall": 0.07384729385375977,
            "0_rename": 0.03761577606201172
        }
    }
}